Date,Open,High,Low,Close,Volume
2020-01-02,71.4084,72.4606,71.1545,72.4006,140681710
2020-01-03,71.6304,72.4567,71.4724,71.699,151973851
2020-01-06,70.816,72.3055,70.5707,72.2661,122979354
2020-01-07,72.2759,72.534,71.7108,71.9297,115649091
2020-01-08,71.6322,73.3858,71.6304,73.0857,137276166
2020-01-09,74.0598,74.8261,73.8127,74.6407,176813384
2020-01-10,74.8684,75.37,74.3052,74.8045,146097131
2020-01-13,75.1215,76.4325,75.0007,76.406,126617873
2020-01-14,76.3423,76.5512,75.251,75.3729,168648876
2020-01-15,75.1726,76.0527,74.6221,75.0481,126448450
2020-01-16,75.5936,76.0988,75.2315,75.9889,112867961
2020-01-17,76.2371,76.8337,75.932,76.8318,142931222
2020-01-21,76.4619,76.9005,76.1714,76.3107,114956961
2020-01-22,76.7945,77.136,76.4904,76.5826,105611741
2020-01-23,76.6346,77.0312,76.0871,76.9505,108349215
2020-01-24,77.1999,77.9387,76.5382,76.729,151975931
2020-01-27,74.7388,75.1529,73.4916,74.4748,167950062
2020-01-28,75.3532,76.7511,75.2549,76.5806,168254894
2020-01-29,78.2104,79.0288,77.4665,78.1828,224638329
2020-01-30,77.2714,78.1221,76.8357,78.0689,131447027
2020-01-31,77.3626,77.7856,74.315,74.6123,206995662
2020-02-03,73.3544,75.5701,72.851,74.4052,180442692
2020-02-04,76.0067,77.0506,75.6034,76.8612,141686753
2020-02-05,77.9847,78.2859,76.883,77.4843,123236870
2020-02-06,77.7581,78.3969,77.2048,78.3939,109338174
2020-02-07,77.8923,78.1418,76.8357,77.3284,121762646
2020-02-10,75.9142,77.6945,75.8339,77.6945,113138581
2020-02-11,78.1908,78.2635,77.0093,77.2292,97592094
2020-02-12,77.6747,79.066,77.6747,79.06,117671868
2020-02-13,78.332,78.8227,78.1291,78.4968,98031255
2020-02-14,78.4667,78.7648,78.0094,78.5165,82890307
2020-02-18,76.1982,77.2615,76.0184,77.08,158056487
2020-02-19,77.3205,78.4251,77.3205,78.1947,97241186
2020-02-20,77.9555,78.445,76.8879,77.395,104051293
2020-02-21,76.9879,77.4265,75.0235,75.6406,134200895
2020-02-24,71.8274,73.4956,69.8848,72.0483,229895979
2020-02-25,72.7177,73.0994,69.1372,69.6062,238667948
2020-02-26,69.234,71.9786,69.2272,70.7118,205600585
2020-02-27,67.9234,69.1066,65.953,66.0895,331716817
2020-02-28,62.1635,67.2727,61.9456,66.05,441679555
2020-03-02,68.2039,72.835,67.105,72.1973,353229232
2020-03-03,73.3729,73.4525,69.0576,69.9073,330547532
2020-03-04,71.6285,73.3111,70.8258,73.1503,226774378
2020-03-05,71.4055,72.3792,70.4116,70.7746,194073628
2020-03-06,68.1363,70.2695,67.9536,69.8355,234015644
2020-03-09,63.7296,67.1942,63.5479,64.3115,296682605
2020-03-10,66.9617,69.2136,65.0876,68.9457,295177436
2020-03-11,67.0236,67.9516,65.6891,66.5524,265265286
2020-03-12,61.8418,65.2397,59.9223,59.9794,432977206
2020-03-13,64.0022,67.6348,61.1215,67.1648,383580668
2020-03-16,58.4623,62.6003,57.9903,58.5251,333597755
2020-03-17,59.8047,62.2459,57.6048,61.0997,335286730
2020-03-18,57.9335,60.4071,57.2926,59.6016,310638881
2020-03-19,59.7752,61.0957,58.6213,59.1443,281278821
2020-03-20,59.725,60.8496,55.089,55.3901,415614952
2020-03-23,55.1072,55.2104,51.3729,54.2145,348423743
2020-03-24,57.1113,59.8486,56.6127,59.6516,297496118
2020-03-25,60.5876,62.399,59.0276,59.3257,314124037
2020-03-26,59.5652,62.5041,59.526,62.4451,261313726
2020-03-27,61.0735,61.8239,59.6927,59.8616,211294187
2020-03-30,60.5848,61.7396,60.2629,61.5688,173798032
2020-03-31,61.7583,63.4254,60.8919,61.4412,203829542
2020-04-01,59.5612,60.0961,57.7773,58.2119,182325790
2020-04-02,58.0719,59.2346,57.2397,59.1814,171684776
2020-04-03,58.6655,59.3689,57.742,58.3329,134381348
2020-04-06,60.6221,63.5733,60.2579,63.4205,208814809
2020-04-07,65.4318,65.6507,62.5825,62.6846,209918831
2020-04-08,63.4843,64.6036,63.1173,64.2876,174748721
2020-04-09,64.9237,65.2562,63.9602,64.7551,167734994
2020-04-13,64.8333,66.1343,64.2299,66.0247,135563808
2020-04-14,67.6546,69.6472,67.1844,69.3598,201752656
2020-04-15,68.2334,69.1861,67.8075,68.7259,135700012
2020-04-16,69.4362,69.6344,68.2217,69.2735,162570676
2020-04-17,68.7878,69.3321,66.8941,68.3313,222709871
2020-04-20,67.1599,68.0597,66.8921,66.9115,134520955
2020-04-21,66.7556,66.989,64.1338,64.8472,187264229
2020-04-22,66.112,67.1471,65.7704,66.7116,121114245
2020-04-23,66.6586,68.0765,66.4172,66.4554,129140042
2020-04-24,66.9773,68.3834,66.9284,68.3738,130893169
2020-04-27,68.088,68.7525,67.6417,68.4227,121145501
2020-04-28,68.8819,69.0655,67.2218,67.3129,115886520
2020-04-29,68.7973,69.9927,68.5945,69.5216,142038584
2020-04-30,70.0642,71.1644,69.671,70.9896,189408354
2020-05-01,69.1665,72.2437,69.0695,69.8454,248955797
2020-05-04,69.8709,70.9621,69.1822,70.8336,138197036
2020-05-05,71.2937,72.7282,71.1496,71.901,152871821
2020-05-06,72.6008,73.2718,72.2121,72.6421,147266642
2020-05-07,73.267,73.7382,72.9628,73.3897,119208084
2020-05-08,74.0498,75.1921,73.7233,75.1373,138319237
2020-05-11,74.6486,76.8142,74.4387,76.3206,150596666
2020-05-12,77.0043,77.4529,75.3263,75.4472,167472603
2020-05-13,75.6287,76.5482,73.4594,74.5387,207015183
2020-05-14,73.7773,75.056,73.0559,74.9938,163993184
2020-05-15,72.7665,74.6005,72.7341,74.5532,171648894
2020-05-18,75.8751,76.6806,75.1861,76.3087,139686003
2020-05-19,76.3255,77.1733,75.8358,75.8681,104971042
2020-05-20,76.725,77.4118,76.609,77.343,115057848
2020-05-21,77.2066,77.7464,76.5285,76.7661,105960917
2020-05-22,76.5052,77.343,76.403,77.2615,84409583
2020-05-26,78.3793,78.5578,76.6806,76.7367,129521438
2020-05-27,76.5935,77.2194,75.8553,77.0732,116543972
2020-05-28,76.7464,78.3645,76.4706,77.1076,138059695
2020-05-29,77.3478,77.8081,76.6738,77.0312,158492373
2020-06-01,76.9849,78.0976,76.8535,77.9778,83600183
2020-06-02,77.7109,78.3645,77.2714,78.34,90435463
2020-06-03,78.6589,79.0306,78.0858,78.7686,107820720
2020-06-04,78.5931,78.8905,77.7188,78.0907,90350380
2020-06-05,78.342,80.376,78.3127,80.3163,141623536
2020-06-08,80.014,80.8243,79.3016,80.7911,98702466
2020-06-09,80.4712,83.7357,80.4388,83.3412,152419062
2020-06-10,84.288,85.9524,83.8504,85.4853,171961937
2020-06-11,84.6306,85.0565,81.2796,81.3828,208088215
2020-06-12,83.5187,84.2636,80.9754,82.0846,206523496
2020-06-15,80.739,83.7523,80.5761,83.0999,143231922
2020-06-16,85.1518,85.5725,83.5187,85.3018,170699941
2020-06-17,86.0456,86.1063,85.0623,85.183,118051948
2020-06-18,85.1398,85.6334,84.609,85.2174,99905465
2020-06-19,85.9209,86.3891,83.6231,84.7298,272903050
2020-06-22,85.123,87.0886,85.0771,86.9472,139761085
2020-06-23,88.1884,90.2217,87.7705,88.8037,218915590
2020-06-24,88.4309,89.3503,86.8619,87.2341,198761138
2020-06-25,87.3898,88.4309,86.6312,88.3914,141904523
2020-06-26,88.2885,88.5085,85.5285,85.6786,211797139
2020-06-29,85.5844,87.746,85.1085,87.6527,134808977
2020-06-30,87.2401,88.6704,87.2201,88.3818,144691352
2020-07-01,88.46,89.0037,88.1688,88.2151,114265764
2020-07-02,89.1237,89.7563,88.105,88.2151,117675280
2020-07-06,89.6418,91.042,89.6112,90.5759,122436490
2020-07-07,90.9535,91.7317,90.1843,90.2961,116006743
2020-07-08,91.2704,92.4283,91.1822,92.397,120822890
2020-07-09,93.2919,93.3437,91.7485,92.7287,129646077
2020-07-10,92.3891,93.0161,91.7807,92.9571,93133274
2020-07-13,94.2601,96.8742,92.3134,92.5283,197755838
2020-07-14,91.9112,94.2502,90.979,94.06,176437762
2020-07-15,95.9333,96.1844,93.5128,94.7086,158079424
2020-07-16,93.5795,94.3977,92.9416,93.5419,114101114
2020-07-17,93.9915,94.1485,92.8797,93.3535,95124338
2020-07-20,93.438,95.4594,93.0965,95.3199,93195791
2020-07-21,96.1128,96.1864,93.7552,94.0044,106948401
2020-07-22,93.7058,94.9492,93.6176,94.2681,91837596
2020-07-23,94.0044,94.0799,89.1687,89.9772,203281772
2020-07-24,88.1756,90.0988,86.394,89.7543,191347681
2020-07-27,90.818,91.975,90.5925,91.8827,125076555
2020-07-28,91.4549,91.6297,90.3675,90.3725,106927418
2020-07-29,90.8566,92.2873,90.821,92.1075,93207504
2020-07-30,91.2784,93.3251,90.8722,93.2213,163168667
2020-07-31,99.7135,103.135,97.7005,102.988,386222002
2020-08-03,104.844,108.19,104.548,105.569,317970312
2020-08-04,105.766,107.376,105.032,106.277,178298213
2020-08-05,106.002,106.993,105.531,106.66,125879098
2020-08-06,107.003,110.877,106.405,110.387,208879083
2020-08-07,109.917,110.368,107.082,107.866,203988331
2020-08-10,109.329,110.467,106.797,109.455,218776977
2020-08-11,108.709,109.211,105.934,106.199,193540730
2020-08-12,107.287,109.987,107.092,109.731,170924298
2020-08-13,111.094,112.656,110.616,111.653,216385960
2020-08-14,111.487,111.643,109.76,111.557,170533293
2020-08-17,112.675,112.705,110.635,111.271,123149103
2020-08-18,111.014,112.616,110.683,112.183,108803267
2020-08-19,112.596,113.755,112.232,112.33,149905140
2020-08-20,112.369,114.94,112.35,114.832,130715269
2020-08-21,115.786,121.221,115.776,120.739,348198587
2020-08-24,124.948,125.028,120.338,122.192,356318261
2020-08-25,121.064,121.525,119.465,121.181,217842103
2020-08-26,122.506,123.301,121.426,122.838,167914048
2020-08-27,123.447,123.761,120.229,121.356,160220016
2020-08-28,122.34,122.76,120.946,121.171,193260092
2020-08-31,123.86,127.167,122.33,125.283,232475310
2020-09-01,128.892,130.865,126.744,130.267,157045285
2020-09-02,133.591,133.959,123.311,127.559,206123925
2020-09-03,123.222,125.086,116.992,117.355,265329387
2020-09-04,116.58,120.101,107.651,117.432,342587648
2020-09-08,110.635,115.528,109.408,109.541,238309139
2020-09-09,113.849,115.666,111.898,113.907,182249875
2020-09-10,116.864,116.992,109.231,110.19,187743866
2020-09-11,111.233,111.868,106.797,108.738,186287367
2020-09-14,111.379,112.547,109.523,111.998,144355546
2020-09-15,114.882,115.361,110.298,112.163,190182560
2020-09-16,111.868,112.616,108.778,108.866,159678534
2020-09-17,106.52,108.934,105.541,107.13,183352511
2020-09-18,107.188,107.641,103.008,103.733,295719988
2020-09-21,101.49,106.983,100.102,106.873,201586565
2020-09-22,109.408,109.581,105.982,108.555,188548285
2020-09-23,108.366,108.846,103.665,103.991,155241261
2020-09-24,102.107,107.043,101.939,105.06,172776792
2020-09-25,105.266,109.171,104.52,109.014,154481909
2020-09-28,111.653,111.958,109.503,111.605,141803514
2020-09-29,111.213,111.948,110.259,110.76,103063024
2020-09-30,110.477,113.849,110.308,112.428,146956412
2020-10-01,114.206,114.284,112.447,113.391,119604845
2020-10-02,109.611,111.998,108.954,109.741,149054333
2020-10-05,110.597,113.252,110.24,113.103,109431880
2020-10-06,112.32,112.735,108.984,109.878,166344258
2020-10-07,111.281,112.173,110.799,111.721,99755115
2020-10-08,112.861,113.007,111.251,111.615,85982037
2020-10-09,111.918,113.599,111.566,113.569,103522756
2020-10-12,116.57,121.525,115.816,120.768,247435213
2020-10-13,121.613,121.731,116.165,117.569,270202154
2020-10-14,117.471,119.445,116.136,117.658,155595207
2020-10-15,115.264,117.668,114.704,117.196,115936762
2020-10-16,117.748,118.004,115.351,115.558,118856408
2020-10-19,116.472,116.913,112.282,112.596,124259340
2020-10-20,112.813,115.518,112.252,114.086,128157288
2020-10-21,113.272,115.246,113.055,113.47,92644972
2020-10-22,114.036,114.594,111.251,112.369,105048287
2020-10-23,112.998,113.152,110.945,111.681,85050386
2020-10-26,110.683,113.152,109.601,111.691,115206938
2020-10-27,112.116,113.869,111.203,113.202,95045703
2020-10-28,111.691,112.056,107.856,107.954,148256939
2020-10-29,109.103,113.53,108.934,111.958,150514045
2020-10-30,107.816,108.729,104.568,105.688,196291980
2020-11-02,105.934,107.464,104.189,105.599,126553743
2020-11-03,106.462,108.239,105.559,107.228,110853915
2020-11-04,110.808,112.213,109.084,111.595,142383489
2020-11-05,114.511,116.136,113.47,115.558,130179548
2020-11-06,115.069,115.935,112.939,115.43,117689397
2020-11-09,117.196,118.64,112.861,113.122,158877727
2020-11-10,112.369,114.354,110.994,112.783,141920187
2020-11-11,113.976,116.354,113.242,116.215,115465364
2020-11-12,116.344,117.226,115.313,115.944,106268562
2020-11-13,116.165,116.392,114.624,115.99,83994890
2020-11-16,115.656,117.668,114.901,117.002,93757376
2020-11-17,116.275,117.355,115.696,116.116,76367858
2020-11-18,115.351,116.54,114.754,114.783,78476903
2020-11-19,114.354,115.796,113.609,115.381,76205393
2020-11-20,115.391,115.508,114.066,114.116,75682347
2020-11-23,113.966,114.383,110.635,110.722,131571978
2020-11-24,110.78,112.665,109.503,111.998,117089215
2020-11-25,112.359,113.549,111.998,112.842,78659027
2020-11-27,113.371,114.254,113.026,113.391,48009561
2020-11-30,113.765,117.649,113.609,115.786,174193114
2020-12-01,117.688,120.081,116.726,119.345,131785321
2020-12-02,118.67,119.985,117.569,119.701,91517040
2020-12-03,120.131,120.387,118.859,119.563,81197114
2020-12-04,119.225,119.485,118.178,118.896,80469938
2020-12-07,118.955,121.141,118.896,120.357,89063538
2020-12-08,120.946,121.544,119.711,120.956,84324071
2020-12-09,121.102,122.496,117.678,118.432,118119720
2020-12-10,117.196,120.475,116.864,119.856,83607507
2020-12-11,119.071,119.385,117.246,119.052,89394348
2020-12-14,119.225,119.965,118.198,118.432,81308531
2020-12-15,120.917,124.379,120.71,124.359,162020983
2020-12-16,123.909,124.842,123.096,124.293,100981303
2020-12-17,125.362,126.03,124.516,125.166,97023861
2020-12-18,125.421,125.557,122.663,123.192,197977498
2020-12-21,121.584,124.783,120.052,124.704,124674833
2020-12-22,127.991,130.709,126.099,128.256,174133117
2020-12-23,128.529,128.798,127.177,127.352,90714502
2020-12-24,127.707,129.797,127.49,128.344,56480898
2020-12-28,130.307,133.581,129.846,132.946,128000842
2020-12-29,134.26,134.979,130.65,131.16,124464839
2020-12-30,131.818,132.26,129.737,130.051,99175245
2020-12-31,130.394,131.032,128.099,129.05,101914932
2021-01-04,129.855,129.943,123.291,125.861,147347712
2021-01-05,125.352,128.118,124.899,127.401,100422258
2021-01-06,124.204,127.441,122.918,123.134,159466551
2021-01-07,124.832,128.011,124.339,127.314,112671864
2021-01-08,128.798,128.992,126.666,128.422,108127166
2021-01-11,125.644,126.607,124.968,125.44,103461697
2021-01-12,124.968,126.138,123.39,125.263,94547190
2021-01-13,125.224,127.834,124.958,127.284,91139304
2021-01-14,127.197,127.391,125.224,125.372,92768974
2021-01-15,125.243,126.656,123.517,123.642,114749279
2021-01-19,124.264,125.176,123.467,124.31,93319670
2021-01-20,125.126,128.853,125.018,128.402,107264730
2021-01-21,130.129,135.831,129.923,133.124,123932441
2021-01-22,132.545,136.008,131.309,135.241,117690876
2021-01-25,139.147,141.099,132.797,139,162061545
2021-01-26,139.666,140.334,137.479,139.237,101168405
2021-01-27,139.5,140.334,136.556,138.155,144820185
2021-01-28,135.684,138.086,132.956,133.339,146647734
2021-01-29,132.101,132.996,126.646,128.334,182535821
2021-02-01,130.08,131.661,127.324,130.454,109239279
2021-02-02,132.004,132.575,130.904,131.279,85657317
2021-02-03,132.032,132.042,129.943,130.257,92418535
2021-02-04,132.565,133.631,130.885,133.621,86559791
2021-02-05,133.781,133.849,132.33,133.212,77714752
2021-02-08,132.495,133.407,131.405,133.357,73200754
2021-02-09,133.075,134.29,132.32,132.475,78823981
2021-02-10,132.936,133.436,130.894,131.867,74996807
2021-02-11,132.369,132.847,130.287,131.612,65996220
2021-02-12,130.847,132.004,130.229,131.847,61750923
2021-02-16,131.965,132.475,129.335,129.727,82727594
2021-02-17,127.834,128.788,126.108,127.431,100703993
2021-02-18,125.841,126.617,124.086,126.34,99442692
2021-02-19,126.863,127.304,125.45,126.5,90009473
2021-02-22,124.674,126.35,122.34,122.73,106690847
2021-02-23,120.544,123.429,115.313,122.594,162498698
2021-02-24,121.692,122.302,119.052,122.093,114004520
2021-02-25,121.436,123.172,117.404,117.835,152156270
2021-02-26,119.395,121.603,118.042,118.101,168953936
2021-03-01,120.534,124.595,119.593,124.458,119413157
2021-03-02,125.067,125.372,121.761,121.868,104991174
2021-03-03,121.564,122.447,118.67,118.887,115982388
2021-03-04,118.58,120.387,115.538,117.012,182911474
2021-03-05,117.825,118.77,114.511,118.256,157871963
2021-03-08,117.777,117.845,113.182,113.331,158498256
2021-03-09,115.944,118.887,115.706,117.935,132983944
2021-03-10,118.52,118.993,116.354,116.874,114932063
2021-03-11,119.345,120.003,118.101,118.79,105777184
2021-03-12,117.275,118.013,116.067,117.875,90457336
2021-03-15,118.246,120.768,117.295,120.759,95062598
2021-03-16,122.437,123.909,121.465,122.311,118304367
2021-03-17,120.818,122.594,119.159,121.515,114921087
2021-03-18,119.681,119.975,117.196,117.394,124712834
2021-03-19,116.795,118.266,116.57,116.874,190503446
2021-03-22,117.206,120.651,117.139,120.18,114900192
2021-03-23,120.121,121.005,118.964,119.345,98015987
2021-03-24,119.622,119.701,116.943,116.973,90894130
2021-03-25,116.442,118.49,115.915,117.452,101483702
2021-03-26,117.226,118.315,115.836,118.052,96582809
2021-03-29,118.481,119.385,117.589,118.226,82976966
2021-03-30,116.992,117.275,115.776,116.795,87959244
2021-03-31,118.481,120.308,117.994,118.974,121482912
2021-04-01,120.445,120.946,119.295,119.797,77093913
2021-04-05,120.651,122.888,119.866,122.633,91018041
2021-04-06,123.222,123.82,122.387,122.938,82311718
2021-04-07,122.564,124.585,121.887,124.565,85695164
2021-04-08,125.594,126.999,125.176,126.972,91216623
2021-04-09,126.43,129.582,126.108,129.542,109535094
2021-04-12,129.08,129.394,127.227,127.824,93860772
2021-04-13,129.002,131.15,128.5,130.923,93703238
2021-04-14,131.424,131.483,128.226,128.599,89551514
2021-04-15,130.337,131.483,130.169,130.992,91732549
2021-04-16,130.798,131.16,129.816,130.669,87189699
2021-04-19,130.041,131.945,129.874,131.328,96780943
2021-04-20,131.503,132.004,128.384,129.649,97343710
2021-04-21,128.922,130.267,127.883,130.032,70685261
2021-04-22,129.582,130.659,127.991,128.51,86824266
2021-04-23,128.729,131.602,128.729,130.818,80859479
2021-04-26,131.319,131.542,130.089,131.21,68691344
2021-04-27,131.493,131.887,130.621,130.885,67778337
2021-04-28,130.808,131.503,129.621,130.109,110637146
2021-04-29,132.926,133.514,129.012,130.012,155135144
2021-04-30,128.354,130.089,127.649,128.041,112772031
2021-05-03,128.609,130.583,128.402,129.099,77141106
2021-05-04,127.774,128.071,123.419,124.516,141237510
2021-05-05,125.841,127.058,124.635,124.763,86243610
2021-05-06,124.555,126.38,123.82,126.37,80214255
2021-05-07,127.659,128.061,126.321,127.038,80944262
2021-05-10,126.262,126.39,123.721,123.761,90269284
2021-05-11,120.495,123.202,119.778,122.848,129291059
2021-05-12,120.397,121.603,119.265,119.778,114971842
2021-05-13,121.544,123.087,121.231,121.926,108503393
2021-05-14,123.182,124.773,122.789,124.339,83962434
2021-05-17,123.731,123.84,122.123,123.202,76097596
2021-05-18,123.487,123.899,121.741,121.809,64923819
2021-05-19,120.16,121.877,119.866,121.653,94923369
2021-05-20,122.182,124.605,122.054,124.204,78775297
2021-05-21,124.704,124.881,122.162,122.378,81274465
2021-05-24,122.948,124.822,122.878,124.009,64667598
2021-05-25,124.704,125.196,123.252,123.811,73806672
2021-05-26,123.869,124.283,123.35,123.761,57987923
2021-05-27,123.37,124.525,122.034,122.232,96987237
2021-05-28,122.516,122.74,121.515,121.574,73090868
2021-06-01,122.034,122.302,120.917,121.251,69325184
2021-06-02,121.261,122.192,121.025,122.016,60758324
2021-06-03,121.643,121.809,120.131,120.534,78131674
2021-06-04,121.045,123.096,120.828,122.828,77045395
2021-06-07,123.105,123.252,121.8,122.838,72830981
2021-06-08,123.527,125.332,123.144,123.652,76260720
2021-06-09,124.106,124.635,123.447,124.037,58297478
2021-06-10,123.929,125.067,122.878,123.047,72963069
2021-06-11,123.457,124.329,123.037,124.244,54858167
2021-06-14,124.704,127.352,123.979,127.294,99325050
2021-06-15,126.784,127.411,126.244,126.49,64312334
2021-06-16,127.187,127.697,125.332,126.98,94106517
2021-06-17,126.646,129.325,126.5,128.579,99135618
2021-06-18,127.519,128.306,127.068,127.275,111672531
2021-06-21,127.127,129.187,126.07,129.08,81651527
2021-06-22,128.912,130.808,128.412,130.719,76650043
2021-06-23,130.513,131.042,129.992,130.444,61717006
2021-06-24,131.17,131.358,129.699,130.169,70425865
2021-06-25,130.219,130.63,129.582,129.874,72550343
2021-06-28,130.169,131.945,130.109,131.493,63661455
2021-06-29,131.513,133.174,131.072,133.016,66167251
2021-06-30,132.856,134.066,132.565,133.631,64840250
2021-07-01,133.281,133.987,132.455,133.929,53795705
2021-07-02,134.544,136.595,134.397,136.556,80915871
2021-07-06,136.664,139.666,136.664,138.56,110881758
2021-07-07,140.042,141.366,139.187,141.05,107529939
2021-07-08,138.125,140.55,137.233,139.754,108210377
2021-07-09,139.277,142.11,139.177,141.583,102383843
2021-07-12,142.65,142.757,140.491,140.981,78203982
2021-07-13,140.55,143.865,140.14,142.1,103343508
2021-07-14,144.487,145.929,144.081,145.516,130221678
2021-07-15,145.603,146.349,143.515,144.856,109486283
2021-07-16,144.836,146.114,142.329,142.827,95578765
2021-07-19,140.247,140.56,138.215,138.981,124465297
2021-07-20,139.972,143.525,139.48,142.591,98754708
2021-07-21,141.993,142.571,141.109,141.863,76865122
2021-07-22,142.384,144.574,142.27,143.23,79268336
2021-07-23,143.953,145.093,143.345,144.936,73230578
2021-07-26,144.652,146.183,144.101,145.359,74241875
2021-07-27,145.496,145.575,142.013,143.2,107434607
2021-07-28,141.316,143.395,139.069,141.456,121899438
2021-07-29,141.167,142.985,141.06,142.1,58114562
2021-07-30,140.865,142.767,140.599,142.309,72198660
2021-08-02,142.797,143.375,141.717,141.983,64449299
2021-08-03,142.27,144.429,141.65,143.77,66403542
2021-08-04,143.683,144.181,142.718,143.375,57775092
2021-08-05,143.405,144.23,142.611,143.485,47555651
2021-08-06,143.004,143.742,142.3,142.797,55394698
2021-08-09,142.857,143.345,142.2,142.747,50054344
2021-08-10,143.092,144.319,141.983,142.28,70639902
2021-08-11,142.708,143.365,142.21,142.523,49629390
2021-08-12,142.847,145.632,142.504,145.477,75507340
2021-08-13,145.555,146.026,144.866,145.681,60765830
2021-08-16,145.133,147.734,143.12,147.664,105984580
2021-08-17,146.792,148.211,145.671,146.754,94390156
2021-08-18,146.368,147.272,142.807,143.014,88348121
2021-08-19,141.717,144.604,141.196,143.345,88997299
2021-08-20,144.062,145.093,143.425,144.79,61967965
2021-08-23,144.906,146.754,144.496,146.28,61540358
2021-08-24,146.026,147.41,145.731,146.193,49745001
2021-08-25,146.378,146.878,144.409,144.955,60373130
2021-08-26,144.965,145.701,144.131,144.151,49735553
2021-08-27,144.101,145.34,143.475,145.193,57109522
2021-08-30,145.584,149.979,145.203,149.626,93087325
2021-08-31,149.174,149.313,147.833,148.36,88478226
2021-09-01,149.343,151.422,148.863,149.027,82195008
2021-09-02,150.343,151.166,148.92,150.138,72838458
2021-09-03,150.245,151.078,149.599,150.766,59221542
2021-09-07,151.413,153.659,150.854,153.102,84205576
2021-09-08,153.382,153.442,150.44,151.551,76163453
2021-09-09,151.922,152.532,150.42,150.539,58648079
2021-09-10,151.442,151.912,145.291,145.555,144193569
2021-09-13,147.183,147.96,145.34,146.123,104803083
2021-09-14,146.907,147.615,143.554,144.72,111856489
2021-09-15,145.153,146.016,143.024,145.612,85232127
2021-09-16,145.035,145.555,143.846,145.377,69627805
2021-09-17,145.407,145.407,142.424,142.718,132910919
2021-09-20,140.511,141.534,138.027,139.666,126371275
2021-09-21,140.639,141.296,139.509,140.15,77610323
2021-09-22,141.148,143.082,140.413,142.513,78194064
2021-09-23,143.296,143.713,142.309,143.475,66356963
2021-09-24,142.329,144.091,142.24,143.564,54730553
2021-09-27,142.15,142.621,140.531,142.051,75887662
2021-09-28,139.972,141.446,138.443,138.655,111524946
2021-09-29,139.207,141.148,138.772,139.558,76349548
2021-09-30,140.373,141.079,138.037,138.255,91142758
2021-10-01,138.645,139.648,135.929,139.385,96856453
2021-10-04,138.512,138.951,135.105,135.958,100625138
2021-10-05,136.301,138.981,136.174,137.871,82755180
2021-10-06,136.283,138.891,135.202,138.744,85170519
2021-10-07,139.783,140.913,139.452,140.012,63178703
2021-10-08,140.738,140.885,139.297,139.628,60149878
2021-10-11,139.009,141.505,138.56,139.538,65961970
2021-10-12,139.952,139.972,137.805,138.265,74746676
2021-10-13,137.997,138.155,136.018,137.676,80607686
2021-10-14,138.851,140.589,138.265,140.471,71544629
2021-10-15,140.481,141.583,140.227,141.534,69531793
2021-10-18,140.17,143.485,139.883,143.2,87594047
2021-10-19,143.634,145.751,143.2,145.349,78168020
2021-10-20,145.291,146.33,144.72,145.84,59787209
2021-10-21,145.397,146.213,144.477,146.055,62859737
2021-10-22,146.26,146.744,145.231,145.281,60262749
2021-10-25,145.271,145.948,144.24,145.231,51908651
2021-10-26,145.909,147.39,145.593,145.899,62319782
2021-10-27,145.938,146.3,145.084,145.437,57408915
2021-10-28,146.388,149.666,146.29,149.085,102422148
2021-10-29,143.836,146.506,143.063,146.368,127880116
2021-11-01,145.575,146.27,144.409,145.546,76335440
2021-11-02,145.251,148.105,145.241,146.586,70741124
2021-11-03,146.946,148.499,146.388,148.029,55788430
2021-11-04,148.115,148.949,147.193,147.506,61809320
2021-11-05,148.637,148.939,146.842,148.038,66899695
2021-11-08,148.164,148.32,146.937,147.212,56227634
2021-11-09,146.976,148.183,146.842,147.575,58033452
2021-11-10,146.802,146.907,144.67,144.74,66616831
2021-11-11,145.761,146.223,144.506,144.69,41899196
2021-11-12,145.241,147.173,144.309,146.773,65203413
2021-11-15,147.145,148.628,146.223,146.782,60521729
2021-11-16,146.724,148.24,146.133,147.764,60555868
2021-11-17,147.754,151.669,147.754,150.196,90754793
2021-11-18,150.402,155.268,149.775,154.484,140850630
2021-11-19,154.268,157.565,153.171,157.104,119878447
2021-11-22,158.201,162.148,157.545,157.565,120044298
2021-11-23,157.654,158.321,155.652,157.938,98148374
2021-11-24,157.3,158.655,156.22,158.459,70987160
2021-11-26,156.142,157.005,153.004,153.442,78647700
2021-11-29,155.955,157.723,155.386,156.81,90694720
2021-11-30,156.556,161.97,156.496,161.754,177865432
2021-12-01,163.884,166.64,160.999,161.235,155766078
2021-12-02,155.326,160.675,154.415,160.244,139738259
2021-12-03,160.498,161.42,156.298,158.361,120611703
2021-12-06,160.764,164.277,160.754,161.774,109854701
2021-12-07,165.443,167.899,164.728,167.505,123046188
2021-12-08,168.437,172.187,167.034,171.322,119565023
2021-12-09,171.156,172.959,170.192,170.812,111312750
2021-12-10,171.44,175.779,170.937,175.6,117933845
2021-12-13,177.219,178.22,171.762,171.97,156597949
2021-12-14,171.49,173.92,168.516,170.585,142437395
2021-12-15,171.352,175.65,168.615,175.451,133937852
2021-12-16,175.432,177.247,167.083,168.566,153479852
2021-12-17,166.278,169.751,166.043,167.466,200220608
2021-12-20,164.668,166.916,163.864,166.102,109856879
2021-12-21,167.879,169.485,165.483,169.284,93185875
2021-12-22,169.333,172.088,168.457,171.871,94156094
2021-12-23,172.078,173.048,171.51,172.499,69855823
2021-12-27,173.284,176.553,173.264,176.465,76562784
2021-12-28,176.297,177.435,174.695,175.442,80880202
2021-12-29,175.481,176.757,174.317,175.53,63716423
2021-12-30,175.62,176.699,174.267,174.374,61084008
2021-12-31,174.267,175.383,173.452,173.755,65467331
2022-01-03,174.009,178.957,173.891,178.101,106997620
2022-01-04,178.712,179.012,175.276,175.846,101488602
2022-01-05,175.759,176.307,170.89,171.166,96611084
2022-01-06,168.925,171.539,167.957,168.31,99029338
2022-01-07,169.184,170.4,167.357,168.477,88610927
2022-01-10,165.443,168.798,164.56,168.497,109107229
2022-01-11,168.625,171.421,167.152,171.322,77808244
2022-01-12,172.342,173.373,171.066,171.762,76445865
2022-01-13,172.01,172.833,168.103,168.497,86359214
2022-01-14,167.661,170.058,167.416,169.363,82205077
2022-01-18,167.829,168.837,165.77,166.151,93168322
2022-01-19,166.348,167.406,162.38,162.667,96894555
2022-01-20,163.404,166.033,160.656,160.979,93425630
2022-01-21,160.892,162.766,158.81,158.918,125543286
2022-01-24,156.594,158.81,151.375,158.142,166275314
2022-01-25,155.572,159.262,153.649,156.357,118338159
2022-01-26,159.988,160.862,154.434,156.269,110650098
2022-01-27,158.957,160.323,154.887,155.809,124629454
2022-01-28,162.158,166.689,159.301,166.669,183882167
2022-01-31,166.504,171.243,165.866,171.027,118075750
2022-02-01,170.281,171.086,168.615,170.86,88104829
2022-02-02,170.987,172.107,169.612,172.068,86776670
2022-02-03,170.733,172.459,168.427,169.194,91379270
2022-02-04,168.21,170.576,167.231,168.906,84166872
2022-02-07,169.372,170.429,167.495,168.191,78845094
2022-02-08,168.26,171.801,167.967,171.293,76373136
2022-02-09,172.489,173.077,171.362,172.715,72755830
2022-02-10,170.615,171.93,168.083,168.644,92740695
2022-02-11,168.847,169.582,164.639,165.227,100706516
2022-02-14,163.984,166.151,163.196,165.463,87963757
2022-02-15,167.515,169.457,166.808,169.303,65612710
2022-02-16,168.379,169.84,166.611,169.065,62439644
2022-02-17,167.573,168.437,165.061,165.463,71025149
2022-02-18,166.388,167.093,162.835,163.914,84480487
2022-02-22,161.646,163.326,158.869,160.999,93043678
2022-02-23,162.198,162.795,156.526,156.84,91866368
2022-02-24,149.5,159.557,148.929,159.45,144059776
2022-02-25,160.527,161.784,157.625,161.52,93871884
2022-02-28,159.764,162.079,159.145,161.784,97017890
2022-03-01,161.362,163.236,158.695,159.899,85196716
2022-03-02,161.069,163.974,159.654,163.196,81369675
2022-03-03,165.061,165.493,162.208,162.873,78260514
2022-03-04,161.165,162.208,158.819,159.87,85549004
2022-03-07,160.057,161.685,155.829,156.084,98408213
2022-03-08,155.612,159.587,152.647,154.258,133854205
2022-03-09,158.211,160.106,156.192,159.654,93341854
2022-03-10,156.957,157.143,152.825,155.316,107515508
2022-03-11,155.721,156.064,151.375,151.6,98970844
2022-03-14,148.389,151,147.066,147.575,110975533
2022-03-15,147.853,152.424,147.341,151.952,94882394
2022-03-16,153.877,156.77,151.335,156.367,104410871
2022-03-17,155.406,157.742,154.444,157.369,77175514
2022-03-18,157.261,161.155,156.536,160.666,126060055
2022-03-21,160.206,162.992,159.724,162.04,97788186
2022-03-22,162.168,165.993,161.579,165.404,83214220
2022-03-23,164.59,169.155,164.257,166.769,100085958
2022-03-24,167.603,170.615,166.769,170.547,91991060
2022-03-25,170.361,171.732,169.264,171.185,82208030
2022-03-28,168.692,172.177,168.526,172.049,92236520
2022-03-29,173.115,175.393,172.775,175.343,102664857
2022-03-30,174.942,175.981,173.125,174.177,94544412
2022-03-31,174.247,174.434,170.87,171.076,105175456
2022-04-01,170.507,171.342,168.467,170.782,80376169
2022-04-04,171.037,174.883,170.909,174.833,78125322
2022-04-05,173.91,174.695,170.89,171.52,74916252
2022-04-06,168.877,170.125,166.689,168.359,90896293
2022-04-07,167.7,169.86,166.417,168.662,79195625
2022-04-08,168.31,168.31,165.779,166.65,78155456
2022-04-11,165.295,165.612,162.158,162.4,73737341
2022-04-12,164.619,166.436,163.276,164.267,80900623
2022-04-13,164.004,167.583,163.404,166.955,72075973
2022-04-14,167.172,167.809,161.705,161.95,76883613
2022-04-18,160.606,163.226,160.263,161.734,70448082
2022-04-19,161.685,164.422,160.596,164.014,69121148
2022-04-20,165.345,165.463,162.746,163.844,69331379
2022-04-21,165.493,168.063,162.559,163.06,89027500
2022-04-22,163.098,164.471,158.231,158.516,86633765
2022-04-25,157.859,159.87,155.259,159.587,98028059
2022-04-26,158.967,159.057,153.55,153.629,97596192
2022-04-27,152.756,156.564,152.238,153.402,89880160
2022-04-28,156.034,161.185,155.721,160.333,132903498
2022-04-29,158.566,162.845,154.072,154.464,134465861
2022-05-02,153.54,155.034,150.176,154.768,125594211
2022-05-03,154.955,157.457,153.161,156.259,90802133
2022-05-04,156.447,163.118,156.044,162.667,110490111
2022-05-05,160.537,160.764,151.814,153.6,133218345
2022-05-06,153.082,156.447,151.285,154.328,118346712
2022-05-09,152.016,152.904,148.647,149.204,134095687
2022-05-10,152.599,153.798,150.059,151.61,117574298
2022-05-11,150.619,152.532,143.073,143.752,145420220
2022-05-12,140.092,143.455,136.194,139.883,186096163
2022-05-13,141.873,145.325,140.421,144.349,116172087
2022-05-16,142.817,144.75,141.475,142.807,88301725
2022-05-17,146.065,146.956,143.924,146.436,79835231
2022-05-18,144.091,144.594,137.272,138.175,111842840
2022-05-19,137.252,139,134.037,134.771,138699854
2022-05-20,136.478,138.057,130.119,135.006,140055798
2022-05-23,135.202,140.569,135.065,140.421,119978978
2022-05-24,138.16,139.307,134.752,137.726,106125344
2022-05-25,135.831,139.124,135.742,137.881,94252368
2022-05-26,134.811,141.631,134.564,141.079,92335224
2022-05-27,142.66,146.869,142.533,146.832,92719392
2022-05-31,146.27,147.833,144.081,146.045,105703086
2022-06-01,147.086,148.892,144.906,145.919,75708122
2022-06-02,145.055,148.429,144.101,148.369,73732447
2022-06-03,144.141,145.193,141.745,142.65,90265096
2022-06-06,144.27,145.78,142.18,143.395,72968427
2022-06-07,141.635,146.203,141.396,145.919,69105670
2022-06-08,145.791,147.056,144.69,145.183,54982546
2022-06-09,144.319,145.173,139.853,139.962,70802353
2022-06-10,137.646,138.115,134.486,134.554,93318780
2022-06-13,130.375,132.661,128.972,129.404,124545553
2022-06-14,130.63,131.378,129.012,130.267,86406689
2022-06-15,131.768,134.761,129.679,132.886,93284470
2022-06-16,129.601,129.904,126.617,127.619,110027369
2022-06-17,127.624,130.582,127.372,129.09,137094359
2022-06-21,130.914,134.486,130.818,133.32,82550446
2022-06-22,132.26,135.174,131.396,132.807,74813932
2022-06-23,134.251,135.988,133.085,135.674,73819800
2022-06-24,137.272,139.247,137.147,139,90822103
2022-06-27,140.017,140.798,138.319,139,71551348
2022-06-28,139.462,140.73,134.747,134.86,68603417
2022-06-29,134.88,138.027,134.105,136.615,67509970
2022-06-30,134.673,135.772,131.263,134.153,100858169
2022-07-01,133.484,136.43,133.114,136.321,72411135
2022-07-05,135.184,138.951,134.358,138.901,74834730
2022-07-06,138.7,141.416,138.433,140.237,75481486
2022-07-07,140.599,143.797,140.589,143.604,67521485
2022-07-08,142.537,144.78,142.28,144.28,65782931
2022-07-11,142.935,143.884,141.079,142.15,64516467
2022-07-12,143.024,145.661,142.329,143.12,79073432
2022-07-13,140.305,143.703,139.452,142.757,72547708
2022-07-14,141.376,146.153,140.56,145.681,79635981
2022-07-15,146.966,148.029,145.417,147.351,77719177
2022-07-18,147.911,148.725,143.944,144.309,82978870
2022-07-19,145.143,148.389,144.151,148.164,84570249
2022-07-20,148.26,150.834,147.545,150.166,66063820
2022-07-21,151.6,152.647,149.085,152.433,66332079
2022-07-22,152.472,153.346,150.529,151.196,67951253
2022-07-25,151.117,152.129,149.422,150.079,54650047
2022-07-26,149.407,150.211,147.97,148.755,56193778
2022-07-27,149.715,154.377,149.303,153.848,80125108
2022-07-28,154.033,154.68,151.511,154.396,82935927
2022-07-29,158.211,160.557,156.506,159.46,103734570
2022-08-01,157.988,160.517,157.868,158.478,69127305
2022-08-02,157.094,159.36,156.633,157.005,61053356
2022-08-03,157.82,163.462,157.733,163.012,84086282
2022-08-04,162.888,164.051,161.343,162.697,56535650
2022-08-05,160.369,162.963,160.162,162.47,57701740
2022-08-08,163.473,164.891,161.341,161.999,61432048
2022-08-09,161.163,162.933,160.408,162.049,64254359
2022-08-10,164.761,166.393,163.996,166.293,71414067
2022-08-11,167.099,168.012,165.26,165.557,58161927
2022-08-12,166.864,169.173,166.449,169.104,69245141
2022-08-15,168.534,170.372,168.362,170.174,55050279
2022-08-16,169.771,170.685,168.672,170.018,57376135
2022-08-17,169.761,173.082,169.562,171.512,80951641
2022-08-18,170.724,171.854,170.107,171.118,63393948
2022-08-19,170.018,170.714,168.327,168.534,71592937
2022-08-22,166.735,166.902,164.226,164.651,70250067
2022-08-23,164.171,165.774,163.748,164.318,55106646
2022-08-24,164.318,165.183,163.352,164.612,54795675
2022-08-25,165.84,167.177,165.417,167.07,52125871
2022-08-26,167.6,168.071,160.712,160.771,80360287
2022-08-29,158.34,160.063,157.036,158.57,74613187
2022-08-30,159.305,159.73,154.974,156.143,79286812
2022-08-31,157.514,157.783,154.403,154.482,89550425
2022-09-01,153.915,155.662,151.977,155.21,75545360
2022-09-02,156.969,157.57,152.268,153.098,78321574
2022-09-06,153.746,154.355,151.013,151.838,75021181
2022-09-07,152.129,153.945,150.935,153.245,88999311
2022-09-08,151.947,153.636,150.021,151.77,86428824
2022-09-09,152.762,155.073,152.055,154.629,69287503
2022-09-12,156.812,161.398,156.527,160.584,106815939
2022-09-13,157.116,157.745,150.7,151.16,124830274
2022-09-14,152.09,154.365,150.935,152.604,89524287
2022-09-15,151.957,152.538,148.745,149.717,92084571
2022-09-16,148.579,148.716,145.787,148.075,165154666
2022-09-19,146.711,151.868,146.503,151.79,82918091
2022-09-20,150.73,155.326,150.414,154.166,109598220
2022-09-21,154.6,155.975,150.926,151.043,103499010
2022-09-22,149.727,151.78,148.28,150.081,88188155
2022-09-23,148.559,148.833,145.973,147.812,97731703
2022-09-26,147.054,151.091,147.034,148.144,94993523
2022-09-27,150.081,152.026,147.334,149.116,85939193
2022-09-28,145.069,148.019,142.32,147.23,149290978
2022-09-29,143.557,144.165,138.23,140,130409039
2022-09-30,138.817,140.608,135.597,135.793,127139137
2022-10-03,135.803,140.578,135.286,139.97,116337437
2022-10-04,142.505,143.676,141.745,143.557,89386544
2022-10-05,141.569,144.813,140.52,143.849,80879312
2022-10-06,143.272,144.97,142.691,142.899,69614357
2022-10-07,140.06,140.608,137.018,137.651,87448288
2022-10-10,137.974,139.42,136.16,137.974,76226325
2022-10-11,137.463,138.887,135.813,136.558,78398824
2022-10-12,136.707,137.915,135.754,135.931,71681935
2022-10-13,132.639,141.088,132.029,140.5,115230474
2022-10-14,141.794,142.004,135.783,135.97,90168058
2022-10-17,138.61,140.411,137.83,139.93,86761713
2022-10-18,142.957,144.145,138.16,141.246,100893459
2022-10-19,139.224,142.424,139.036,141.356,62852789
2022-10-20,140.53,143.348,140.168,140.894,65665415
2022-10-21,140.381,145.274,140.167,144.705,88082380
2022-10-24,144.622,147.614,143.458,146.849,77328431
2022-10-25,147.476,149.835,146.76,149.687,76056658
2022-10-26,148.33,149.344,145.463,146.751,90003393
2022-10-27,145.492,146.449,141.621,142.281,111114985
2022-10-28,145.618,154.757,145.246,153.03,167682208
2022-10-31,150.488,151.555,149.274,150.67,99678870
2022-11-01,152.379,152.742,146.533,148.028,81803787
2022-11-02,146.351,149.52,142.475,142.505,95263437
2022-11-03,139.585,140.313,136.334,136.462,99653779
2022-11-04,139.847,140.418,132.26,136.197,143072909
2022-11-07,134.947,136.95,133.528,136.727,84711626
2022-11-08,138.193,139.199,135.319,137.297,91350253
2022-11-09,136.314,136.363,132.468,132.74,76119178
2022-11-10,139.01,144.553,137.297,144.553,120759977
2022-11-11,143.52,147.642,142.091,147.337,95486727
2022-11-14,146.62,147.909,145.103,145.94,74550744
2022-11-15,149.813,151.165,146.217,147.672,91309464
2022-11-16,146.777,147.504,144.964,146.44,65248073
2022-11-17,144.118,149.087,143.841,148.34,81678528
2022-11-18,149.901,150.289,147.603,148.903,76029544
2022-11-21,147.792,147.998,145.383,145.673,59665771
2022-11-22,145.793,148.047,144.607,147.811,52634864
2022-11-23,147.092,149.435,146.982,148.688,59236317
2022-11-25,145.964,146.53,144.799,145.773,35760262
2022-11-28,142.85,144.326,141.116,141.943,70458565
2022-11-29,142.013,142.524,138.138,138.941,85107043
2022-11-30,139.164,146.372,138.333,145.693,113166988
2022-12-01,145.872,146.777,144.296,145.969,72392990
2022-12-02,143.658,145.663,143.35,145.478,66496963
2022-12-05,145.438,148.539,143.47,144.316,69930145
2022-12-06,144.754,144.974,139.678,140.655,65765154
2022-12-07,139.946,141.106,137.792,138.714,70839144
2022-12-08,140.114,141.254,138.871,140.398,63124630
2022-12-09,140.096,143.273,138.675,139.916,77317305
2022-12-12,140.447,142.221,138.831,142.211,71592596
2022-12-13,147.141,147.603,141.963,143.173,95391723
2022-12-14,143.056,144.341,138.931,140.949,83610807
2022-12-15,138.881,139.56,133.879,134.344,100518383
2022-12-16,134.526,135.478,131.62,132.388,162725184
2022-12-19,132.978,133.067,129.247,130.281,80868964
2022-12-20,129.316,131.146,127.84,130.212,78674534
2022-12-21,130.881,134.65,130.655,133.314,87305937
2022-12-22,132.232,132.435,128.243,130.142,79100548
2022-12-23,128.852,130.326,127.594,129.779,64838231
2022-12-27,129.306,129.336,126.687,127.978,70114442
2022-12-28,127.624,128.959,123.883,124.051,86808485
2022-12-29,125.97,128.421,125.714,127.564,76917698
2022-12-30,126.382,127.9,125.42,127.88,78269533
2023-01-03,128.223,128.834,122.211,123.097,113915392
2023-01-04,124.887,126.625,123.106,124.365,90542662
2023-01-05,125.124,125.753,122.79,123.048,82261029
2023-01-06,124.022,128.233,122.919,127.574,89161952
2023-01-09,128.405,131.306,127.84,128.096,71926017
2023-01-10,128.203,129.191,126.1,128.668,64920796
2023-01-11,129.178,131.403,128.4,131.384,70572795
2023-01-12,131.766,132.14,129.365,131.306,72524295
2023-01-13,129.946,132.789,129.583,132.633,58736757
2023-01-17,132.7,135.124,132.013,133.795,64667267
2023-01-18,134.655,136.423,132.898,133.077,70790075
2023-01-19,131.964,134.101,131.659,133.136,59215000
2023-01-20,133.146,135.842,132.101,135.695,81510095
2023-01-23,135.94,141.052,135.723,138.881,83071425
2023-01-24,138.089,140.901,138.084,140.279,67500498
2023-01-25,138.665,140.182,136.618,139.62,66854510
2023-01-26,140.91,141.973,139.659,141.688,54972699
2023-01-27,140.896,144.905,140.823,143.629,71687279
2023-01-30,142.667,143.253,140.595,140.744,65041825
2023-01-31,140.447,142.061,140.036,142.013,66930825
2023-02-01,141.698,144.296,139.09,143.133,78909050
2023-02-02,146.55,148.795,145.832,148.439,120236670
2023-02-03,145.693,154.897,145.497,152.061,156832618
2023-02-06,150.166,150.684,148.399,149.336,70978557
2023-02-07,148.26,152.779,148.26,152.21,84658715
2023-02-08,151.451,152.14,148.784,149.522,65148311
2023-02-09,151.349,151.893,148.047,148.489,56905275
2023-02-10,147.325,149.177,147.09,148.855,58283001
2023-02-13,148.797,152.057,148.766,151.654,63100096
2023-02-14,149.947,151.575,148.707,151.012,62601536
2023-02-15,150.924,153.279,150.697,153.113,66620609
2023-02-16,151.318,154.097,151.157,151.515,69155497
2023-02-17,150.174,150.816,148.698,150.371,60000945
2023-02-21,148.056,149.137,146.286,146.359,59720045
2023-02-22,146.745,147.81,145.059,146.784,51750310
2023-02-23,147.947,148.191,145.138,147.266,49095340
2023-02-24,145.009,145.089,143.641,144.615,56273199
2023-02-27,145.6,147.04,145.345,145.809,45650367
2023-02-28,144.949,146.95,144.733,145.305,51279277
2023-03-01,144.733,145.126,142.939,143.235,56282720
2023-03-02,142.32,144.615,141.843,143.825,53037142
2023-03-03,145.932,148.952,145.227,148.875,71757002
2023-03-06,151.59,154.07,151.268,151.635,88826490
2023-03-07,151.505,151.829,148.97,149.436,56995942
2023-03-08,150.628,151.278,149.662,150.687,47888651
2023-03-09,151.367,152.329,148.078,148.439,54613474
2023-03-10,148.064,148.786,145.502,146.379,69565815
2023-03-13,145.694,150.953,145.59,148.32,85680661
2023-03-14,149.118,151.209,147.957,150.411,74763532
2023-03-15,149.03,151.056,147.781,150.806,78285805
2023-03-16,149.986,154.225,149.476,153.624,77359125
2023-03-17,153.852,154.5,152.077,152.786,100378055
2023-03-20,152.856,155.565,151.948,155.152,74708265
2023-03-21,155.074,157.123,154.305,157.005,75009437
2023-03-22,157.024,159.825,155.555,155.575,76798510
2023-03-23,156.563,159.242,155.429,156.659,68601707
2023-03-24,156.592,158.05,155.595,157.962,60114795
2023-03-27,157.657,158.474,155.615,156.02,53149249
2023-03-28,155.714,156.226,153.753,155.399,46658445
2023-03-29,157.094,158.75,157.074,158.474,52048961
2023-03-30,159.223,160.15,158.967,160.041,50218824
2023-03-31,160.12,162.644,159.598,162.546,69745777
2023-04-03,161.923,163.916,161.876,163.797,57801606
2023-04-04,164.217,164.456,162.752,163.265,46948732
2023-04-05,162.386,162.693,159.491,161.42,52257999
2023-04-06,160.11,162.604,159.686,162.309,46047693
2023-04-10,159.116,159.716,157.793,159.716,48408161
2023-04-11,160.032,160.041,158.217,158.504,48334443
2023-04-12,158.917,159.746,157.499,157.813,50859344
2023-04-13,159.321,163.433,159.116,163.195,69437228
2023-04-14,162.241,163.946,161.48,162.851,50101947
2023-04-17,162.732,163.029,161.687,162.87,42117666
2023-04-18,163.728,165.02,163.285,164.093,50646247
2023-04-19,163.433,165.76,163.175,165.235,48411492
2023-04-20,163.718,165.472,163.195,164.27,53216318
2023-04-21,162.693,164.075,162.141,162.663,59182480
2023-04-24,162.644,163.235,161.55,162.97,42557308
2023-04-25,162.831,163.931,161.391,161.43,49419788
2023-04-26,160.727,162.92,160.475,161.42,46157941
2023-04-27,162.831,166.153,162.831,166.005,65842575
2023-04-28,166.085,167.424,165.482,167.256,56076638
2023-05-01,166.863,168.015,166.231,167.169,53233116
2023-05-02,167.661,167.917,165.147,166.133,49127243
2023-05-03,167.08,168.48,164.774,165.058,66079650
2023-05-04,162.536,164.654,161.963,163.423,82412292
2023-05-05,168.534,171.81,168.322,171.091,115096779
2023-05-08,170.018,171.368,169.651,171.022,56773531
2023-05-09,170.578,171.061,169.151,169.319,45983529
2023-05-10,170.549,171.546,169.446,171.076,54502812
2023-05-11,171.368,172.097,169.71,171.269,50231999
2023-05-12,171.378,171.811,168.79,170.342,46128975
2023-05-15,170.922,170.972,169.257,169.847,37754322
2023-05-16,169.768,170.902,169.578,169.847,42661339
2023-05-17,169.492,170.691,168.219,170.459,58709946
2023-05-18,170.765,172.976,170.352,172.79,66353733
2023-05-19,174.111,174.111,172.68,172.898,56539786
2023-05-22,171.731,172.453,171.211,171.95,44141092
2023-05-23,170.894,171.141,169.063,169.346,51411331
2023-05-24,168.88,170.191,168.319,169.619,45734226
2023-05-25,170.182,171.647,169.472,170.755,56791824
2023-05-26,171.081,173.501,170.874,173.162,55552534
2023-05-30,174.673,176.68,174.291,175.01,56696739
2023-05-31,175.035,177.033,174.479,174.96,100928964
2023-06-01,175.405,177.793,174.646,177.764,69803444
2023-06-02,178.693,179.433,176.943,178.613,62808192
2023-06-05,180.272,182.561,175.736,177.26,123542265
2023-06-06,177.64,177.793,175.139,176.894,65696966
2023-06-07,176.134,178.871,175.03,175.523,62755209
2023-06-08,175.597,178.504,175.169,178.236,50871982
2023-06-09,179.154,179.874,178.295,178.623,49539868
2023-06-12,178.93,181.515,178.633,181.416,55471507
2023-06-13,180.439,181.772,180.082,180.942,55647920
2023-06-14,181.002,182.009,179.671,181.573,58214829
2023-06-15,181.583,184.11,181.406,183.607,66289411
2023-06-16,184.318,184.574,181.891,182.531,102581243
2023-06-20,182.029,183.695,182.029,182.62,50450752
2023-06-21,182.511,183.015,180.232,181.583,50163649
2023-06-22,181.366,184.629,181.298,184.584,51915913
2023-06-23,183.154,185.137,182.62,184.269,53812074
2023-06-26,184.903,185.621,182.839,182.878,48717938
2023-06-27,183.488,185.957,183.272,185.631,51394699
2023-06-28,185.502,187.448,185.177,186.805,51887013
2023-06-29,186.64,187.614,186.5,187.14,46953798
2023-06-30,189.154,191.968,188.79,191.463,86328299
2023-07-03,191.277,191.375,189.282,189.973,31869853
2023-07-05,189.092,190.487,188.159,188.859,47534249
2023-07-06,187.39,189.54,186.756,189.332,45746911
2023-07-07,188.937,190.181,187.781,188.217,47427608
2023-07-10,186.815,187.538,184.619,186.173,60706292
2023-07-11,186.716,186.855,184.19,185.651,47248415
2023-07-12,187.23,189.223,186.034,187.32,61545213
2023-07-13,188.04,188.72,187.33,188.08,41883335
2023-07-14,187.771,188.71,187.18,188.227,42160823
2023-07-17,189.421,191.812,189.332,191.483,51181254
2023-07-18,190.852,191.822,189.929,191.227,48986521
2023-07-19,190.606,195.672,190.161,192.581,81560825
2023-07-20,192.571,193.932,190.008,190.635,60360863
2023-07-21,191.592,192.451,188.76,189.461,72893229
2023-07-24,190.912,192.392,189.766,190.261,46100567
2023-07-25,190.832,191.93,190.424,191.121,37771081
2023-07-26,191.171,193.112,190.822,191.988,48093074
2023-07-27,193.488,194.653,190.063,190.723,48081234
2023-07-28,192.155,194.087,191.632,193.301,48923374
2023-07-31,193.527,193.952,192.738,193.913,39332157
2023-08-01,193.7,194.191,192.758,193.077,35743110
2023-08-02,192.521,192.661,189.373,190.093,51048711
2023-08-03,189.097,189.884,188.227,188.7,63057784
2023-08-04,183.124,184.961,179.572,179.641,117474229
2023-08-07,179.779,180.763,175.06,176.541,98852930
2023-08-08,177.37,177.942,175.286,177.478,68710520
2023-08-09,178.534,178.593,174.722,175.889,61168592
2023-08-10,177.162,178.415,175.305,175.672,55402471
2023-08-11,175.265,176.552,174.505,175.731,52646521
2023-08-14,175.908,177.609,175.25,177.382,44187488
2023-08-15,176.807,177.402,174.999,175.395,44133832
2023-08-16,175.079,176.472,174.457,174.525,47515266
2023-08-17,175.089,175.449,171.471,171.985,66837112
2023-08-18,170.305,173.071,169.968,172.469,61889063
2023-08-21,173.041,174.089,171.721,173.802,46854635
2023-08-22,175.009,175.622,174.209,175.178,42577455
2023-08-23,176.452,179.447,176.259,179.02,53340641
2023-08-24,178.581,179.005,173.97,174.338,55589740
2023-08-25,175.325,177.074,173.782,176.542,52052563
2023-08-28,178.004,178.498,176.477,178.102,44334257
2023-08-29,177.614,182.759,177.421,181.988,53625133
2023-08-30,182.799,185.675,182.599,185.475,61526603
2023-08-31,185.665,186.929,185.307,185.695,61506954
2023-09-01,187.291,187.719,186.097,187.266,46302868
2023-09-05,186.097,187.778,185.436,187.504,45810691
2023-09-06,186.216,186.664,179.368,180.79,82713962
2023-09-07,173.15,176.145,171.53,175.503,113807128
2023-09-08,176.284,178.15,175.731,176.116,66370896
2023-09-11,177.984,178.211,175.285,177.282,59643959
2023-09-12,177.412,178.044,172.795,174.259,91429295
2023-09-13,174.467,175.245,171.965,172.193,85255514
2023-09-14,171.985,174.059,171.569,173.704,61609431
2023-09-15,174.437,174.452,171.806,172.982,110539940
2023-09-18,174.437,177.302,174.129,175.908,68045805
2023-09-19,175.463,177.549,175.079,176.995,52434333
2023-09-20,177.184,177.614,173.369,173.458,59121030
2023-09-21,172.528,174.259,171.846,171.916,63889199
2023-09-22,172.646,175.028,172.034,172.766,57390184
2023-09-25,172.183,174.92,172.133,174.039,46713866
2023-09-26,172.795,173.169,169.671,169.968,65345901
2023-09-27,170.62,171.036,167.092,168.456,67706104
2023-09-28,167.378,170.038,165.679,168.711,56954167
2023-09-29,170.028,171.065,168.369,169.228,52468874
2023-10-02,169.238,172.281,168.949,171.736,52775882
2023-10-03,170.26,171.617,168.841,170.403,50175841
2023-10-04,169.109,172.193,168.989,171.647,53641662
2023-10-05,171.776,173.418,170.679,172.884,49096645
2023-10-06,171.786,175.928,171.175,175.434,57937818
2023-10-09,174.76,176.975,173.762,176.915,42887575
2023-10-10,176.036,177.638,175.889,176.324,44210142
2023-10-11,176.135,177.767,175.542,177.717,48108378
2023-10-12,177.984,180.228,176.965,178.617,57408125
2023-10-13,179.318,179.822,176.076,176.777,52059126
2023-10-16,174.701,177,174.467,176.652,53132462
2023-10-17,174.599,176.353,172.776,175.099,58223805
2023-10-18,173.548,175.518,173.081,173.802,55406192
2023-10-19,174,175.781,173.159,173.428,59997868
2023-10-20,173.279,173.389,170.64,170.877,64996942
2023-10-23,168.929,171.995,167.961,170.996,56636174
2023-10-24,171.046,171.656,169.464,171.432,44330156
2023-10-25,169.889,171.055,168.671,169.119,57826819
2023-10-26,168.398,169.392,163.751,164.958,71452958
2023-10-27,164.977,167.003,164.898,166.271,59184716
2023-10-30,167.063,169.188,166.914,168.319,51730189
2023-10-31,167.388,168.919,165.955,168.791,45371594
2023-11-01,169.019,172.211,168.149,171.955,57602160
2023-11-02,173.488,175.721,173.428,175.513,78241084
2023-11-03,172.221,174.77,171.342,174.604,80764813
2023-11-06,174.338,177.352,174.169,177.154,64589505
2023-11-07,177.104,180.328,176.896,179.716,71356550
2023-11-08,180.238,181.325,179.487,180.77,49918530
2023-11-09,180.84,181.988,179.706,180.298,54393626
2023-11-10,182.08,184.647,181.642,184.482,66865410
2023-11-13,183.911,184.117,182.316,182.9,44080741
2023-11-14,185.771,186.175,184.383,185.512,60732811
2023-11-15,185.914,187.552,185.85,186.076,54349299
2023-11-16,187.62,188.997,186.71,187.759,54978182
2023-11-17,188.295,188.422,186.633,187.739,51470607
2023-11-20,187.937,189.931,187.927,189.482,47022079
2023-11-21,189.442,189.551,187.788,188.679,38530643
2023-11-22,189.521,190.947,188.863,189.343,40041705
2023-11-24,188.908,188.937,187.305,188.017,24298169
2023-11-27,187.967,188.709,186.957,187.838,40973887
2023-11-28,187.828,189.116,187.454,188.442,38814495
2023-11-29,188.937,190.116,187.026,187.424,43461076
2023-11-30,187.888,188.364,186.254,187.997,49301265
2023-12-01,188.374,189.591,187.285,189.273,46179625
2023-12-04,188.027,188.096,185.523,187.484,43840269
2023-12-05,188.255,192.401,188.225,191.431,67320564
2023-12-06,192.45,192.758,190.135,190.343,41516595
2023-12-07,191.639,192.995,191.599,192.271,47970875
2023-12-08,192.203,193.974,191.679,193.698,53961168
2023-12-11,191.126,191.5,189.452,191.194,61576810
2023-12-12,191.096,192.719,189.749,192.709,53244339
2023-12-13,193.083,195.965,192.847,195.925,71135574
2023-12-14,195.985,197.567,194.144,196.074,67525849
2023-12-15,195.499,196.36,194.976,195.539,129873720
2023-12-18,194.074,194.608,192.391,193.877,56331037
2023-12-19,194.144,194.926,193.877,194.916,41137007
2023-12-20,194.876,195.649,192.827,192.827,52785537
2023-12-21,194.084,195.053,191.51,192.68,46965431
2023-12-22,193.173,193.401,190.986,191.609,37535496
2023-12-26,191.619,191.897,190.847,191.066,29219737
2023-12-27,190.511,191.51,189.124,191.166,48587237
2023-12-28,192.144,192.66,191.185,191.589,34403624
2023-12-29,191.907,192.401,189.753,190.551,43115446
2024-01-02,185.224,186.503,181.995,183.731,83345606
2024-01-03,182.326,183.969,181.544,182.356,59021296
2024-01-04,180.278,181.205,179.018,180.039,72731369
2024-01-05,180.118,180.88,178.316,179.317,63027690
2024-01-08,180.213,183.691,179.635,183.652,59758890
2024-01-09,182.03,183.248,180.851,183.238,43286869
2024-01-10,182.455,184.482,182.03,184.276,47279013
2024-01-11,184.622,185.126,181.732,183.681,49638777
2024-01-12,184.147,184.821,183.285,184.008,40898283
2024-01-16,180.288,182.366,179.071,181.742,66284556
2024-01-17,179.407,181.05,178.446,180.801,47808989
2024-01-18,184.177,187.195,183.921,186.69,78816115
2024-01-19,187.385,189.976,186.879,189.591,69618781
2024-01-22,190.323,193.322,190.284,191.897,60758551
2024-01-23,193.014,193.738,191.837,193.173,42795599
2024-01-24,193.411,194.36,192.341,192.5,54188462
2024-01-25,193.213,194.248,191.128,192.173,55391643
2024-01-26,192.271,192.758,189.966,190.442,45057274
2024-01-29,190.036,190.224,187.63,189.758,47635392
2024-01-30,188.977,189.828,185.542,186.105,56439662
2024-01-31,185.118,185.171,182.455,182.503,56044027
2024-02-01,182.094,185.028,181.93,184.94,65559469
2024-02-02,178.011,185.404,177.408,183.941,103617035
2024-02-05,186.214,187.305,183.931,185.752,70392573
2024-02-06,184.94,187.365,184.85,187.355,43942561
2024-02-07,188.679,189.087,186.672,187.464,53994104
2024-02-08,187.439,187.585,185.423,186.384,41387579
2024-02-09,186.948,188.277,186.304,187.146,45566164
2024-02-12,186.715,186.968,185.106,185.462,42162182
2024-02-13,184.095,184.53,181.858,183.37,57043993
2024-02-14,183.648,183.858,180.794,182.488,55127699
2024-02-15,181.895,182.827,179.716,182.202,66030003
2024-02-16,181.766,183.184,180.026,180.666,50205252
2024-02-20,180.15,180.784,178.376,179.921,54153952
2024-02-21,180.3,181.24,179.029,180.676,41907627
2024-02-22,181.825,183.286,180.814,182.707,52768109
2024-02-23,183.341,183.37,180.587,180.873,45530302
2024-02-26,180.597,181.112,179.019,179.527,41239346
2024-02-27,179.467,182.263,177.941,180.983,54813196
2024-02-28,180.864,181.469,178.506,179.785,49399458
2024-02-29,179.636,180.923,177.912,179.118,137926520
2024-03-01,177.932,178.902,175.781,178.04,74232566
2024-03-04,174.562,175.304,172.222,173.522,82251909
2024-03-05,169.221,170.488,168.09,168.586,95998136
2024-03-06,169.517,169.695,167.159,167.595,69211910
2024-03-07,167.625,169.191,166.97,167.476,72418181
2024-03-08,167.476,172.134,167.417,169.191,76961132
2024-03-11,171.381,172.808,170.498,171.193,60686790
2024-03-12,171.588,172.461,169.468,171.666,60369830
2024-03-13,171.213,171.621,169.221,169.585,52966381
2024-03-14,171.351,172.736,170.498,171.44,73577079
2024-03-15,169.625,171.063,168.748,171.063,122860748
2024-03-18,173.986,176.107,171.955,172.154,76292242
2024-03-19,172.768,175.012,171.47,174.492,55717747
2024-03-20,174.135,177.058,173.512,177.058,53909295
2024-03-21,175.453,175.889,169.3,169.824,107147605
2024-03-22,170.211,171.49,168.526,170.725,71807753
2024-03-25,169.027,170.39,167.921,169.31,54782395
2024-03-26,168.467,169.874,168.05,168.18,57910729
2024-03-27,168.873,172.035,168.576,171.746,60821800
2024-03-28,170.201,170.677,168.972,169.933,66270364
2024-04-01,169.645,169.705,167.946,168.497,46661325
2024-04-02,167.555,167.812,166.713,167.317,49778419
2024-04-03,167.267,169.142,167.06,168.12,48125747
2024-04-04,168.753,170.371,167.297,167.297,54193139
2024-04-05,168.06,168.853,167.427,168.05,42488013
2024-04-08,167.506,167.674,166.723,166.931,37766114
2024-04-09,167.178,168.546,166.832,168.14,42837549
2024-04-10,167.277,167.565,165.603,166.266,50161730
2024-04-11,166.822,173.876,166.644,173.462,91899087
2024-04-12,172.688,176.751,172.638,174.957,102596173
2024-04-15,173.777,175.037,170.944,171.133,74200971
2024-04-16,170.201,172.194,166.753,167.852,74382066
2024-04-17,168.08,169.112,166.484,166.484,51364451
2024-04-18,166.514,167.119,165.048,165.533,43515355
2024-04-19,164.711,164.9,162.595,163.443,68384561
2024-04-22,164.023,165.752,163.284,164.345,48554340
2024-04-23,163.859,165.543,163.433,165.394,49988594
2024-04-24,165.038,167.773,164.711,167.496,48690965
2024-04-25,167.995,169.072,166.635,168.359,51018450
2024-04-26,168.349,169.795,167.654,167.773,45246418
2024-04-29,171.806,174.444,171.539,171.935,68789816
2024-04-30,171.766,173.413,168.467,168.793,66534834
2024-05-01,168.05,171.148,167.585,167.773,50841674
2024-05-02,170.954,171.851,169.35,171.47,95072347
2024-05-03,184.963,185.313,181.013,181.726,164709581
2024-05-06,180.709,182.538,178.795,180.071,79284715
2024-05-07,181.796,183.234,179.686,180.754,78009315
2024-05-08,181.201,181.419,179.814,181.092,45467142
2024-05-09,180.913,182.995,180.468,182.906,49428756
2024-05-10,183.48,183.669,180.731,181.644,51152068
2024-05-13,184.012,185.665,183.204,184.852,72602001
2024-05-14,186.07,186.855,184.862,185.992,52798830
2024-05-15,186.469,189.187,185.932,188.264,70944460
2024-05-16,189.008,189.629,188.204,188.384,53253933
2024-05-17,188.056,189.346,187.728,188.413,41602206
2024-05-20,187.872,190.446,187.559,189.574,44704364
2024-05-21,189.624,191.25,189.455,190.874,42636620
2024-05-22,190.789,191.342,188.81,189.435,34916517
2024-05-23,189.515,189.534,185.191,185.445,51400402
2024-05-24,187.372,189.117,186.598,188.522,36607926
2024-05-28,190.041,191.519,187.648,188.532,52684383
2024-05-29,188.155,190.771,188.056,188.829,53478442
2024-05-30,189.296,190.705,189.167,189.821,50334236
2024-05-31,189.971,191.093,188.453,190.774,75739548
2024-06-03,191.419,193.493,191.043,192.541,50467859
2024-06-04,193.141,193.822,191.552,192.859,47838588
2024-06-05,193.902,195.388,193.374,194.366,54575631
2024-06-06,194.184,194.993,192.681,192.988,41500251
2024-06-07,193.156,195.428,192.651,195.378,53514617
2024-06-10,195.388,195.785,190.675,191.638,98014300
2024-06-11,192.163,205.571,192.144,205.562,173706429
2024-06-12,205.777,218.511,205.313,211.436,199666662
2024-06-13,213.093,215.085,209.976,212.595,98619598
2024-06-14,212.209,213.518,209.679,210.859,70665075
2024-06-17,211.733,217.27,211.086,215.008,94453192
2024-06-18,215.919,216.951,211.366,212.645,80561533
2024-06-20,212.289,212.595,207.247,208.07,86838907
2024-06-21,208.775,210.263,205.522,205.897,248327173
2024-06-24,206.126,211.067,205.004,206.543,81351347
2024-06-25,207.545,209.757,207.009,207.465,57152490
2024-06-26,209.876,213.212,209.022,211.613,66725278
2024-06-27,213.043,214.084,210.72,212.456,50157647
2024-06-28,214.115,214.411,208.688,209.002,83181102
2024-07-01,210.463,215.842,210.293,215.085,60870084
2024-07-02,214.491,218.688,213.448,218.578,58495106
2024-07-03,218.312,219.85,217.35,219.85,37658818
2024-07-05,219.95,224.711,219.95,224.604,60879636
2024-07-08,225.347,226.102,221.537,226.072,59542830
2024-07-09,226.18,227.64,224.636,226.926,48542366
2024-07-10,227.54,231.293,227.49,231.193,63112048
2024-07-11,229.613,230.606,224.037,225.824,65211087
2024-07-12,227.163,230.854,226.926,228.77,53456787
2024-07-15,234.664,235.41,231.303,232.601,63115640
2024-07-16,233.196,234.458,230.546,233.019,43568651
2024-07-17,227.69,229.683,224.901,227.123,57789396
2024-07-18,228.512,228.671,220.564,222.459,66545295
2024-07-19,223.095,225.059,221.562,222.589,49531589
2024-07-22,225.268,226.032,221.378,222.241,48574626
2024-07-23,222.644,225.198,220.972,223.282,40269311
2024-07-24,222.281,223.075,215.464,216.863,62255362
2024-07-25,217.25,219.156,212.973,215.822,51788656
2024-07-26,217.021,217.805,214.351,216.288,41923088
2024-07-29,215.295,217.617,214.095,216.565,36592612
2024-07-30,217.508,218.633,214.461,217.12,41965912
2024-07-31,219.74,222.101,218.937,220.375,50423241
2024-08-01,222.649,222.758,215.354,216.685,62984376
2024-08-02,217.469,223.869,216.038,218.173,106385024
2024-08-05,197.561,211.861,194.495,207.665,120473176
2024-08-06,203.724,208.378,199.527,205.64,70199240
2024-08-07,205.313,212,204.805,208.209,64007651
2024-08-08,211.475,212.555,207.227,211.673,47525892
2024-08-09,210.473,215.115,210.343,214.581,42528032
2024-08-12,214.661,218.077,214.192,216.11,38277894
2024-08-13,217.581,220.442,217.581,219.826,44445383
2024-08-14,219.131,221.575,218.267,220.273,42236208
2024-08-15,223.134,223.88,221.306,223.252,46718902
2024-08-16,222.458,225.347,222.19,224.576,44631506
2024-08-19,224.246,224.516,221.585,224.416,40955086
2024-08-20,224.296,225.687,223.978,225.032,30498065
2024-08-21,225.041,226.491,223.582,224.923,34993850
2024-08-22,226.303,226.85,222.438,223.065,43982350
2024-08-23,224.185,226.731,222.866,225.36,38931316
2024-08-26,225.28,225.797,222.428,225.697,30803231
2024-08-27,224.521,227.355,223.422,226.541,36170610
2024-08-28,226.433,228.359,224.206,225.012,38302127
2024-08-29,228.598,231.399,227.385,228.289,52247265
2024-08-30,228.687,228.897,225.996,227.505,53338861
2024-09-03,227.059,227.505,219.726,221.316,50520271
2024-09-04,220.213,220.332,216.06,219.409,44128178
2024-09-05,220.178,224.008,220.075,220.929,36855920
2024-09-06,222.488,223.771,218.336,219.379,48741097
2024-09-09,219.379,219.826,215.296,219.468,67621264
2024-09-10,217.491,220.036,215.316,218.673,51929929
2024-09-11,220.011,221.634,216.468,221.206,44879959
2024-09-12,221.048,222.091,218.386,221.316,37744547
2024-09-13,222.12,222.578,220.462,221.048,37008134
2024-09-16,215.126,215.803,212.523,214.908,59747340
2024-09-17,214.341,215.485,213.101,215.375,45818351
2024-09-18,216.13,221.256,216.12,219.25,60288372
2024-09-19,223.522,228.319,223.163,227.375,67219995
2024-09-20,228.468,231.568,226.135,226.711,320773273
2024-09-23,225.857,227.953,224.336,224.992,54501702
2024-09-24,227.153,227.853,224.256,225.887,43842183
2024-09-25,223.462,225.807,222.558,224.893,42586637
2024-09-26,225.817,227.009,223.938,226.035,36877369
2024-09-27,226.969,228.023,225.817,226.303,34249480
2024-09-30,228.538,231.479,228.153,231.479,55153323
2024-10-01,228.023,228.153,222.28,224.733,63700761
2024-10-02,224.416,225.887,221.565,225.3,33096594
2024-10-03,223.672,225.325,221.863,224.196,34267790
2024-10-04,226.413,226.511,222.668,225.32,37590414
2024-10-07,223.035,224.216,219.886,220.243,39764861
2024-10-08,222.836,224.506,221.793,224.296,32064949
2024-10-09,223.761,228.251,223.362,228.043,33811747
2024-10-10,226.293,228.003,225.687,227.545,28368679
2024-10-11,227.803,227.913,225.857,226.065,31967811
2024-10-14,227.208,230.218,227.108,229.791,40144066
2024-10-15,232.086,235.94,230.853,232.324,65176713
2024-10-16,230.088,230.605,228.339,230.268,34306123
2024-10-17,231.906,232.324,229.017,230.635,33210542
2024-10-18,234.637,234.637,232.482,233.467,46736475
2024-10-21,232.92,235.304,232.92,234.937,36492622
2024-10-22,232.359,234.677,231.082,234.322,39101757
2024-10-23,232.552,233.609,226.273,229.253,52630447
2024-10-24,228.478,229.312,226.92,229.067,31313857
2024-10-25,228.241,231.698,228.073,229.901,39057192
2024-10-28,231.797,233.198,231.032,231.876,36324187
2024-10-29,231.578,232.795,230.804,232.146,35649899
2024-10-30,231.092,231.946,228.053,228.598,47380112
2024-10-31,227.843,228.329,223.898,224.436,64792927
2024-11-01,219.523,223.88,218.832,221.455,65705538
2024-11-04,219.548,221.336,218.277,220.561,45239704
2024-11-05,220.347,222.488,219.696,221.992,28295998
2024-11-06,221.157,224.591,219.746,221.266,54919528
2024-11-07,223.158,226.388,223.105,225.996,42414489
2024-11-08,225.937,227.417,225.175,225.727,38538202
2024-11-11,223.779,224.474,220.297,223.012,42235065
2024-11-12,223.329,224.364,222.141,223.012,40618982
2024-11-13,222.794,225.418,221.55,223.897,48831519
2024-11-14,223.799,227.627,223.779,226.98,45169347
2024-11-15,225.17,225.687,223.052,223.779,48185489
2024-11-18,224.026,228.491,223.946,226.782,44930125
2024-11-19,225.747,228.91,225.428,227.04,36409587
2024-11-20,226.822,228.68,224.663,227.755,35361686
2024-11-21,227.637,228.905,224.484,227.278,42338351
2024-11-22,226.822,229.466,226.822,228.621,38376753
2024-11-25,230.203,231.978,228.491,231.604,90645310
2024-11-26,232.063,234.291,232.063,233.782,46237396
2024-11-27,233.191,234.41,232.539,233.653,33681430
2024-11-29,233.528,236.519,232.698,236.041,28636961
2024-12-02,235.981,239.483,235.872,238.289,48400060
2024-12-03,238.508,241.44,237.602,241.333,39073302
2024-12-04,241.55,242.784,239.938,241.689,44626390
2024-12-05,242.665,243.21,240.814,241.719,40252571
2024-12-06,241.585,243.3,240.764,241.52,37072031
2024-12-09,240.517,245.896,240.437,245.409,44893136
2024-12-10,245.549,246.86,244.008,246.424,37116460
2024-12-11,246.614,249.438,244.923,245.151,45452759
2024-12-12,245.549,247.39,244.345,246.614,32956585
2024-12-13,246.469,247.935,244.903,246.781,33336406
2024-12-16,246.644,250.014,246.305,249.676,51977145
2024-12-17,248.721,252.451,248.424,252.102,51636904
2024-12-18,250.79,252.898,246.394,246.703,57084241
2024-12-19,246.155,250.63,245.754,248.434,61214844
2024-12-20,246.693,253.615,244.355,253.107,148300990
2024-12-23,253.386,254.261,252.072,253.883,41081972
2024-12-24,254.101,256.807,253.903,256.797,23361628
2024-12-26,256.787,258.687,256.23,257.613,27411911
2024-12-27,256.429,257.294,251.685,254.201,42586695
2024-12-30,250.86,252.122,249.388,250.83,35751781
2024-12-31,251.069,251.905,248.075,249.059,39696389
